1.366189749113093680e-04,1.020554335893547257e-02,0.000000000000000000e+00
3.218829061576292117e-02,8.163170388938051011e-03,0.000000000000000000e+00
-4.104067568697134655e-02,1.194551246461849139e-02,0.000000000000000000e+00
-3.254300186018257296e-02,2.184076521801634960e-02,0.000000000000000000e+00
4.088183489975190377e-02,3.773953254977400334e-02,0.000000000000000000e+00
-4.468175264588540585e-02,3.042002717349366961e-02,0.000000000000000000e+00
5.629384973231995465e-02,4.505842451517599184e-02,0.000000000000000000e+00
3.612442004040300469e-02,4.234374005944810393e-02,0.000000000000000000e+00
7.581357223274133583e-02,4.826874092460369317e-03,0.000000000000000000e+00
2.383716038167492737e-03,2.156221618413885210e-02,0.000000000000000000e+00
7.789312534438343899e-03,1.462310109792536693e-02,0.000000000000000000e+00
7.593271548493981532e-03,1.486404862013707834e-02,0.000000000000000000e+00
1.523775946415231730e-02,6.907476361491371453e-02,0.000000000000000000e+00
2.033940330891947576e-02,2.928997054460120986e-02,0.000000000000000000e+00
3.792190586962928406e-02,3.594469683744128813e-02,0.000000000000000000e+00
-5.273752793007461387e-03,1.022364979706327608e-02,0.000000000000000000e+00
2.903433907299921707e-02,6.117390199193824089e-03,0.000000000000000000e+00
-1.540324678066772729e-02,3.245926204066079679e-02,0.000000000000000000e+00
3.180154731849958814e-03,1.902709283717254202e-02,0.000000000000000000e+00
2.387359895133078086e-02,5.011320282751918764e-02,0.000000000000000000e+00
1.914219542450960182e-02,2.779578801837490412e-02,0.000000000000000000e+00
-4.874446870515455887e-02,6.612138040940206130e-02,0.000000000000000000e+00
3.552918028727939520e-02,5.052910482252227081e-02,0.000000000000000000e+00
-6.588050833202334367e-02,2.192767675389540802e-02,0.000000000000000000e+00
-6.368012512692520317e-04,1.536198361953699772e-03,0.000000000000000000e+00
-1.616862193481507712e-02,3.847511946864937832e-02,0.000000000000000000e+00
8.446918186659361019e-03,5.223993613734646130e-03,0.000000000000000000e+00
5.832623717036199834e-02,4.426365648901310623e-02,0.000000000000000000e+00
8.220607179153796573e-02,2.651810581228617250e-02,0.000000000000000000e+00
-4.685612185907459155e-03,1.716291915531619958e-02,0.000000000000000000e+00
-1.744316070087967643e-02,7.984825659701826062e-02,0.000000000000000000e+00
2.749089856670185184e-02,6.705410175653570004e-02,0.000000000000000000e+00
-9.896052317047116659e-03,5.901756802842471339e-02,0.000000000000000000e+00
-1.137454559447415893e-02,7.495476865544175443e-03,0.000000000000000000e+00
-2.050026652578686159e-02,4.627665264942885763e-03,0.000000000000000000e+00
-4.552328018347726052e-05,8.868170475977907308e-02,0.000000000000000000e+00
-5.549664885867546665e-02,6.768535340549720891e-02,0.000000000000000000e+00
7.640950683459438002e-03,1.680035719917655299e-03,0.000000000000000000e+00
-1.521180871155703752e-02,3.717819630869104858e-02,0.000000000000000000e+00
2.402572129014704516e-02,3.779927183476756297e-02,0.000000000000000000e+00
5.456557586465110967e-04,5.398434446420733411e-03,0.000000000000000000e+00
1.575711364226984809e-02,1.614523842910166665e-02,0.000000000000000000e+00
1.867306635221642822e-02,1.175831641165897036e-02,0.000000000000000000e+00
1.583623133643250608e-02,3.574730028635252077e-02,0.000000000000000000e+00
6.899777685059069535e-03,2.243942532658067465e-02,0.000000000000000000e+00
-1.545824760236248416e-02,2.380211581472446367e-02,0.000000000000000000e+00
-4.879342122665321357e-02,3.714651472267459231e-02,0.000000000000000000e+00
-6.615294521356442081e-02,3.233719271606210616e-02,0.000000000000000000e+00
-5.987106376139103223e-03,3.498440321865168429e-03,0.000000000000000000e+00
-9.031252658300013489e-03,2.481433839281711740e-02,0.000000000000000000e+00
-5.741326926380976858e-03,-4.957771308773476111e-03,0.000000000000000000e+00
-4.952142713598047669e-02,-5.905780260771034684e-02,0.000000000000000000e+00
2.486767542835833979e-03,-1.260222600536194115e-02,0.000000000000000000e+00
3.266501074521840908e-02,-7.851877285689556896e-02,0.000000000000000000e+00
-6.768775846834725919e-03,-3.473466329287919901e-02,0.000000000000000000e+00
3.231371818256264378e-02,-2.872725712001633971e-02,0.000000000000000000e+00
1.508722338478719373e-02,-2.882017514093033334e-02,0.000000000000000000e+00
1.349206252022605405e-02,-3.207863064057064895e-02,0.000000000000000000e+00
7.597884098936365238e-02,-4.686645466635502161e-02,0.000000000000000000e+00
2.083449429980794698e-03,-6.787596275088290942e-02,0.000000000000000000e+00
8.753053152354066391e-02,-1.228338516009522263e-02,0.000000000000000000e+00
-1.554626938204294213e-02,-8.058105157355337222e-02,0.000000000000000000e+00
-7.566188245187228933e-02,-3.176358593805041208e-02,0.000000000000000000e+00
3.948097368348186392e-03,-4.335771823144477476e-03,0.000000000000000000e+00
7.296782889701673713e-02,-4.277961500004515832e-02,0.000000000000000000e+00
-5.373209185655355297e-02,-4.288839458832437862e-02,0.000000000000000000e+00
-3.489084490860706878e-02,-7.490619472983628402e-02,0.000000000000000000e+00
3.579398409523230212e-02,-4.386154567878543936e-02,0.000000000000000000e+00
-7.798149637598260353e-02,-4.243324781381613980e-02,0.000000000000000000e+00
1.549545216609734405e-02,-1.499030137180169938e-03,0.000000000000000000e+00
-2.238535203606280624e-02,-2.188578124442239203e-02,0.000000000000000000e+00
-8.880475280539493199e-02,-3.344857448295904950e-02,0.000000000000000000e+00
-2.282121117420264286e-02,-6.505505532625288460e-03,0.000000000000000000e+00
2.899568381994961294e-02,-4.274131942628675226e-03,0.000000000000000000e+00
2.039620481712832098e-02,-3.169573560079506219e-02,0.000000000000000000e+00
-4.285675446976548036e-02,-4.233886366619948188e-02,0.000000000000000000e+00
-9.181608140758669434e-02,-2.516980752790617601e-02,0.000000000000000000e+00
-1.651251177916912907e-02,-2.803971212009510189e-02,0.000000000000000000e+00
-7.703432341911597633e-03,-2.942720373846826470e-02,0.000000000000000000e+00
-1.441493598890880579e-02,-6.171507719444684070e-02,0.000000000000000000e+00
-4.944142790069024074e-02,-5.322032739132559476e-02,0.000000000000000000e+00
-2.350833626815382674e-02,-3.903575935889210674e-02,0.000000000000000000e+00
-8.030600587348821207e-02,-9.040298655259319457e-03,0.000000000000000000e+00
-2.560349455966613383e-02,-4.578207457440412048e-02,0.000000000000000000e+00
5.634349979080217896e-02,-1.467151484018477774e-02,0.000000000000000000e+00
4.746578202399682339e-02,-6.001844699025755264e-02,0.000000000000000000e+00
5.153567822894875895e-03,-6.273099058438641462e-02,0.000000000000000000e+00
-3.441772420462746711e-03,-8.458262444384162526e-02,0.000000000000000000e+00
-7.471091876377755625e-02,-6.018272899527656733e-02,0.000000000000000000e+00
-3.955790707401521389e-02,-7.481371291741854834e-02,0.000000000000000000e+00
-7.095966246541578204e-02,-5.386906118285792605e-02,0.000000000000000000e+00
-5.082041340353904424e-02,-4.941632140647597704e-02,0.000000000000000000e+00
-6.687275543420995172e-02,-3.604868444114301546e-02,0.000000000000000000e+00
-1.492860424988159268e-02,-3.521328982674549329e-02,0.000000000000000000e+00
9.302274658786523209e-02,-1.931464714183910372e-02,0.000000000000000000e+00
4.529666299891506320e-02,-8.015882183315858889e-02,0.000000000000000000e+00
-4.232233455670268013e-02,-1.094681289775731835e-02,0.000000000000000000e+00
2.648638605429697382e-02,-2.333088545508078468e-03,0.000000000000000000e+00
-4.476585805649334338e-02,-3.511615416178730936e-02,0.000000000000000000e+00
1.362823935157411216e-02,-2.622962239269271620e-02,0.000000000000000000e+00
-1.630894961800113951e-01,2.525714970299080056e-02,1.000000000000000000e+00
-1.236686793414867869e-01,5.138975655863240594e-02,1.000000000000000000e+00
1.489843249490523103e-01,7.520789521424858315e-05,1.000000000000000000e+00
-1.004073671383283600e-01,1.713750600390311629e-01,1.000000000000000000e+00
9.059079707201014853e-02,9.237463036608309364e-02,1.000000000000000000e+00
6.837805478980878149e-02,8.123041112578038847e-02,1.000000000000000000e+00
-4.792658058111139846e-02,1.317356180477801120e-01,1.000000000000000000e+00
-5.505274486675979656e-02,1.258169668230572913e-01,1.000000000000000000e+00
9.024899620331949812e-02,1.519904090544672570e-01,1.000000000000000000e+00
4.297816781714863116e-02,9.810673560027152740e-02,1.000000000000000000e+00
6.061514357894295241e-02,9.819388111008793552e-02,1.000000000000000000e+00
-4.544242716103213606e-03,1.060509043079032043e-01,1.000000000000000000e+00
-1.092766208977537234e-01,8.956169734027634444e-02,1.000000000000000000e+00
-1.507003509409838293e-01,1.196142311053114554e-01,1.000000000000000000e+00
-6.927871353791831277e-02,1.042253934293540518e-01,1.000000000000000000e+00
-1.163300499799659882e-01,3.827444637037648312e-02,1.000000000000000000e+00
1.361978346536006357e-01,1.901902124130726551e-03,1.000000000000000000e+00
5.849229281742453906e-02,1.006688765689419118e-01,1.000000000000000000e+00
6.050625914124401622e-02,8.409170063649260007e-02,1.000000000000000000e+00
3.171812898345904592e-03,1.014099553006569121e-01,1.000000000000000000e+00
1.108248247446831647e-01,1.335710577984765279e-01,1.000000000000000000e+00
1.000550828594459762e-01,7.753959426821487033e-02,1.000000000000000000e+00
6.213501132258082010e-02,1.391908629834744671e-01,1.000000000000000000e+00
-9.853920132104466989e-02,4.481529481407218324e-02,1.000000000000000000e+00
-2.874443550355251092e-02,1.925317398355713416e-01,1.000000000000000000e+00
-3.930879228229424566e-02,1.787673563121762177e-01,1.000000000000000000e+00
-1.490900958252189823e-01,1.108909847403179855e-02,1.000000000000000000e+00
1.103189866526611551e-01,3.425087313984605253e-02,1.000000000000000000e+00
7.014135737759916167e-02,1.169273124217875964e-01,1.000000000000000000e+00
4.746527624437237719e-02,9.348494541738984476e-02,1.000000000000000000e+00
-1.784367124052501086e-01,1.875846455039695271e-02,1.000000000000000000e+00
1.388889998172468943e-01,1.052043755844168926e-01,1.000000000000000000e+00
-1.294982754745625242e-01,5.658425814579019081e-02,1.000000000000000000e+00
-1.263946042712881246e-01,9.949953033782266143e-02,1.000000000000000000e+00
-1.008697210769358699e-01,1.133009957923561406e-01,1.000000000000000000e+00
-1.557251417792025749e-01,4.700021765470623059e-03,1.000000000000000000e+00
-1.287072239823320030e-01,1.131998700644438055e-01,1.000000000000000000e+00
4.321012184448094068e-02,1.103067025540841878e-01,1.000000000000000000e+00
7.906518853463705143e-02,6.745414353240017369e-02,1.000000000000000000e+00
4.222185314714503590e-02,1.523523608275095531e-01,1.000000000000000000e+00
-1.492912762855488074e-01,6.765298449577572537e-02,1.000000000000000000e+00
-1.487529957843591322e-01,1.069196171255196448e-01,1.000000000000000000e+00
1.245583828706010449e-01,5.614605954242902347e-02,1.000000000000000000e+00
5.203321558946426978e-02,9.159724258600994429e-02,1.000000000000000000e+00
1.991255017844713315e-01,1.467268461575723867e-02,1.000000000000000000e+00
-1.825322387207907737e-01,6.877827069222391954e-02,1.000000000000000000e+00
9.511164010134240399e-02,1.684196476202908244e-01,1.000000000000000000e+00
-1.972961060649694107e-02,1.774105753517868644e-01,1.000000000000000000e+00
8.022829146201918005e-02,1.239064772456856395e-01,1.000000000000000000e+00
1.771382000782250332e-01,7.176146182430383214e-02,1.000000000000000000e+00
1.405990338544701145e-02,1.928252318039939961e-01,1.000000000000000000e+00
-9.016369721247188829e-02,9.648962770216744367e-02,1.000000000000000000e+00
-1.046906961333450570e-01,4.723248555644789237e-02,1.000000000000000000e+00
-1.138280898589988377e-02,1.197933445945333769e-01,1.000000000000000000e+00
4.944314429627556795e-02,1.252498761270387506e-01,1.000000000000000000e+00
1.056016218577825322e-01,7.382138915964231440e-03,1.000000000000000000e+00
1.317501297387251580e-01,1.494100962939419741e-01,1.000000000000000000e+00
8.715936661735551594e-02,1.718788915714471732e-01,1.000000000000000000e+00
-7.041469504711815597e-02,1.440076139747689943e-01,1.000000000000000000e+00
2.280226729499129634e-02,1.671125390952554746e-01,1.000000000000000000e+00
1.706904215378904008e-02,1.714159338771202024e-01,1.000000000000000000e+00
1.277004599057579015e-01,5.982259868121660162e-02,1.000000000000000000e+00
-6.211926197312268860e-02,1.809718226466400515e-01,1.000000000000000000e+00
-8.225071173491130261e-02,1.725728931733181981e-01,1.000000000000000000e+00
-9.915282526558381881e-02,7.232117356011338871e-02,1.000000000000000000e+00
6.036338588461987592e-02,1.849327959560573276e-01,1.000000000000000000e+00
1.047187577866448283e-01,8.731150825958740314e-02,1.000000000000000000e+00
8.198174938972130343e-02,1.078022679581502330e-01,1.000000000000000000e+00
2.097456967924937743e-02,1.585963670751853183e-01,1.000000000000000000e+00
-7.901922503569008827e-02,1.338365462109649684e-01,1.000000000000000000e+00
1.464550171353588837e-01,1.102385448492387288e-01,1.000000000000000000e+00
-6.971139952635900527e-02,1.224825773007314489e-01,1.000000000000000000e+00
2.250248873461468263e-02,1.216015368746196229e-01,1.000000000000000000e+00
1.721288261640495920e-01,6.799143172858172768e-02,1.000000000000000000e+00
8.248901408212841457e-02,6.945321863528262918e-02,1.000000000000000000e+00
-6.997089683103738245e-02,1.410274670305230460e-01,1.000000000000000000e+00
-5.611942580486898452e-02,8.752633098267988132e-02,1.000000000000000000e+00
1.237777518596432230e-01,1.247484821752375822e-01,1.000000000000000000e+00
1.344466802964091046e-01,4.404220494814457820e-02,1.000000000000000000e+00
-1.271417695933322323e-01,9.605651056381704633e-02,1.000000000000000000e+00
-1.346982904190560382e-01,3.713648892381928718e-02,1.000000000000000000e+00
8.278696158447987341e-02,1.730264793969835124e-01,1.000000000000000000e+00
-9.904162104299781000e-02,5.516501602954571037e-02,1.000000000000000000e+00
-2.757029458733123786e-02,1.527616340051685118e-01,1.000000000000000000e+00
1.467934113138123220e-01,1.376866091549768499e-04,1.000000000000000000e+00
-6.826122343055441265e-03,1.993900781965398106e-01,1.000000000000000000e+00
8.888755629316151541e-02,9.900685581216864262e-02,1.000000000000000000e+00
-4.793548529974621386e-03,1.698540419210582131e-01,1.000000000000000000e+00
1.371252606508722438e-01,9.752254703049799411e-02,1.000000000000000000e+00
-1.261068973528765569e-01,1.309940250584923534e-02,1.000000000000000000e+00
1.307675947631758429e-01,5.798185094612107876e-02,1.000000000000000000e+00
3.113037503464820277e-02,1.683432915914676309e-01,1.000000000000000000e+00
5.687765892277520802e-02,1.778970803635967490e-01,1.000000000000000000e+00
-7.559033038048387776e-02,8.105046208382687967e-02,1.000000000000000000e+00
-1.712165612848363105e-01,8.823574318577076872e-03,1.000000000000000000e+00
1.063242391523157825e-02,1.302776101358941174e-01,1.000000000000000000e+00
1.258331281555286896e-01,9.079593487122171458e-02,1.000000000000000000e+00
1.388358230135365301e-01,1.372926295887409998e-01,1.000000000000000000e+00
-5.309541177327637557e-02,1.332873842087562433e-01,1.000000000000000000e+00
1.093446793565311798e-01,1.372719099316029867e-01,1.000000000000000000e+00
-1.139500678904313558e-01,1.493869121553846047e-01,1.000000000000000000e+00
-5.343802579440641576e-02,1.805672838970902583e-01,1.000000000000000000e+00
-1.652772809266170595e-01,1.752584756576976372e-03,1.000000000000000000e+00
9.575828591511531540e-02,5.983042842793456773e-02,1.000000000000000000e+00
1.014564394761924004e-01,1.503243965931921333e-01,1.000000000000000000e+00
1.031365460791282794e-02,1.092395836575319884e-01,1.000000000000000000e+00
-9.175009276766518673e-02,1.715648983814942186e-01,1.000000000000000000e+00
-9.583053663995315385e-02,4.869484756933331604e-02,1.000000000000000000e+00
-1.597654993098556742e-01,7.043944930091032564e-02,1.000000000000000000e+00
-1.162377822574915814e-01,1.282512889420346358e-01,1.000000000000000000e+00
-3.414064567341104639e-02,1.160729320542715076e-01,1.000000000000000000e+00
2.515310208900226399e-02,1.543700157398235351e-01,1.000000000000000000e+00
1.635205677142692049e-01,2.874171983984760356e-02,1.000000000000000000e+00
8.406646436632533859e-02,9.959001176279763667e-02,1.000000000000000000e+00
-1.450019536531782782e-01,5.051297025613617903e-02,1.000000000000000000e+00
-1.313837169682740558e-01,6.975564659852252769e-02,1.000000000000000000e+00
-1.156917507603156814e-01,6.974210083397132387e-02,1.000000000000000000e+00
1.710650195422501463e-02,1.019455863731695416e-01,1.000000000000000000e+00
-9.061204960498463190e-02,4.544980841779467512e-02,1.000000000000000000e+00
-1.523954399321197362e-01,9.512882139093774281e-02,1.000000000000000000e+00
-8.850019058020132390e-02,1.492052932923058350e-01,1.000000000000000000e+00
8.977762599808494781e-03,1.406925333214070761e-01,1.000000000000000000e+00
2.366235990792943736e-02,1.226613334823091206e-01,1.000000000000000000e+00
1.471333137804544389e-01,6.975990854669281149e-02,1.000000000000000000e+00
-1.445460170398919601e-02,1.446432797183932473e-01,1.000000000000000000e+00
-1.424404683215693967e-01,1.199754515130935090e-01,1.000000000000000000e+00
-6.179859857654456529e-02,1.299790412110890803e-01,1.000000000000000000e+00
1.368286765410031691e-01,6.064686294419242840e-02,1.000000000000000000e+00
-1.534380940717609484e-02,1.364354681648245471e-01,1.000000000000000000e+00
-1.750164687603806002e-01,1.031459994762075512e-02,1.000000000000000000e+00
-1.086986030750987098e-01,2.995142369301918503e-02,1.000000000000000000e+00
-2.718657709930728111e-02,9.942240173346497678e-02,1.000000000000000000e+00
-3.137808092111630393e-02,1.524625734720547188e-01,1.000000000000000000e+00
7.710235131244590201e-02,1.221961589092374484e-01,1.000000000000000000e+00
6.969880321274590784e-02,1.137746168841700378e-01,1.000000000000000000e+00
-3.880089990370665792e-02,1.014093225624691508e-01,1.000000000000000000e+00
2.571902450670222190e-02,1.194723052865753199e-01,1.000000000000000000e+00
-1.454341556437313554e-01,1.346871441026111227e-01,1.000000000000000000e+00
8.747515908104422366e-02,8.771761160156726911e-02,1.000000000000000000e+00
-1.873774315297920684e-02,1.539535968619549500e-01,1.000000000000000000e+00
-1.437949494591816424e-01,7.239932664394246875e-02,1.000000000000000000e+00
3.300200845091328522e-02,1.197740947937163680e-01,1.000000000000000000e+00
-1.085133998313308756e-01,6.266862475662652275e-03,1.000000000000000000e+00
3.639472320176022346e-02,1.591480068224801203e-01,1.000000000000000000e+00
-1.020513884683989653e-01,1.469656497603542486e-02,1.000000000000000000e+00
-9.516117941491533672e-02,5.791872702917376381e-02,1.000000000000000000e+00
-1.247273141547716596e-01,2.090330714809684673e-02,1.000000000000000000e+00
-1.784527514946331606e-01,3.968139215609895604e-02,1.000000000000000000e+00
1.396259136562622016e-01,7.190367094789348879e-02,1.000000000000000000e+00
1.617285278584971731e-01,5.478747122643294609e-02,1.000000000000000000e+00
1.056992586396518323e-02,1.676907108509328448e-01,1.000000000000000000e+00
1.230049152411428065e-01,6.381319119873969138e-03,1.000000000000000000e+00
-1.906471433844338093e-01,1.133308876017218719e-02,1.000000000000000000e+00
-6.445515246674149434e-02,1.450657434535895796e-01,1.000000000000000000e+00
5.548654711353165347e-02,1.657949342307411256e-01,1.000000000000000000e+00
1.330948188323970438e-01,3.675416518501142121e-02,1.000000000000000000e+00
6.540369647942993747e-02,7.993401727533171186e-02,1.000000000000000000e+00
-1.144597840823725204e-01,8.843048747184387159e-02,1.000000000000000000e+00
-1.352086281354072939e-01,1.235192145135119157e-01,1.000000000000000000e+00
-1.114325681096193371e-01,5.578996068304357264e-02,1.000000000000000000e+00
-1.765949369862001572e-01,5.458651034082710740e-02,1.000000000000000000e+00
8.656021307868054515e-02,6.993370608475713013e-02,1.000000000000000000e+00
7.373334493309069426e-02,8.875690391439516880e-02,1.000000000000000000e+00
2.571007111664827538e-02,1.153975078768324780e-01,1.000000000000000000e+00
-1.170973384087219404e-01,1.373757671884402731e-01,1.000000000000000000e+00
1.805161413924103175e-01,8.492833454944952176e-02,1.000000000000000000e+00
9.466248628764027673e-02,1.416570337699188942e-01,1.000000000000000000e+00
1.869959907244158059e-01,2.812176782736873840e-02,1.000000000000000000e+00
6.754550081131999173e-02,1.806483177557828557e-01,1.000000000000000000e+00
5.777337000453827698e-02,1.642715584019264208e-01,1.000000000000000000e+00
-1.531176745209084367e-01,3.610357013436040624e-02,1.000000000000000000e+00
-9.765369066612543392e-02,1.194260868605951653e-01,1.000000000000000000e+00
-4.648544279348371111e-02,1.491027517025115268e-01,1.000000000000000000e+00
9.842572495896831364e-02,8.145241926494972695e-02,1.000000000000000000e+00
1.176986732164340965e-01,6.055869151451022392e-02,1.000000000000000000e+00
-3.458573114068434068e-02,1.795619025330970620e-01,1.000000000000000000e+00
1.303583310631809822e-01,4.178578161788081696e-02,1.000000000000000000e+00
-8.164741151223697813e-02,1.816672047787146749e-01,1.000000000000000000e+00
-1.291207004160806471e-01,3.969512514393694347e-02,1.000000000000000000e+00
1.810806913109262173e-01,6.381943648823630577e-02,1.000000000000000000e+00
5.559221930784367591e-03,1.275870074102086749e-01,1.000000000000000000e+00
1.210604999183629432e-01,5.010043749574578237e-02,1.000000000000000000e+00
6.681674774329958433e-02,1.022428148292463257e-01,1.000000000000000000e+00
-9.915038735442097129e-03,1.991585082202635970e-01,1.000000000000000000e+00
-1.398494730527242436e-01,5.465435847915164208e-02,1.000000000000000000e+00
-9.193446121993018028e-02,1.695661834754835506e-01,1.000000000000000000e+00
-8.801886044551943122e-02,1.587929397890763816e-01,1.000000000000000000e+00
9.970042330477432713e-02,3.238801836721458965e-02,1.000000000000000000e+00
1.353492062336776325e-01,1.061331849546240380e-01,1.000000000000000000e+00
-1.844050597156184079e-01,6.347001555327181493e-03,1.000000000000000000e+00
3.626197393148253290e-02,1.319422221742699297e-01,1.000000000000000000e+00
4.009522807113309606e-02,1.508729860541098700e-01,1.000000000000000000e+00
6.503356701807576357e-02,7.600714749654266522e-02,1.000000000000000000e+00
1.546544327981650147e-01,2.749165208874333050e-02,1.000000000000000000e+00
2.074343107510471726e-02,1.750167807990925528e-01,1.000000000000000000e+00
-1.378090245668635583e-01,1.426460997343064196e-01,1.000000000000000000e+00
-5.720387070131759122e-02,1.822812393578717993e-01,1.000000000000000000e+00
-1.075036931087099967e-01,1.019849258441597462e-01,1.000000000000000000e+00
-1.615484550974100597e-01,2.294090332676877383e-02,1.000000000000000000e+00
2.973922457319884069e-02,1.920240194324838445e-01,1.000000000000000000e+00
9.669820947654136911e-02,-9.257392209672071770e-02,1.000000000000000000e+00
8.576276704545678087e-02,-9.699247303683375399e-02,1.000000000000000000e+00
6.001952258214146574e-02,-1.038104935708149407e-01,1.000000000000000000e+00
4.686597450782087337e-02,-1.936777365764330572e-01,1.000000000000000000e+00
1.561674744157735828e-01,-7.068325726405400022e-02,1.000000000000000000e+00
5.973480467769841373e-02,-9.914552278816611552e-02,1.000000000000000000e+00
-1.920185849800842282e-01,-8.851441912867050871e-03,1.000000000000000000e+00
1.835256313683552090e-02,-1.747402729156773415e-01,1.000000000000000000e+00
-1.376579910200091406e-01,-5.989055430335605418e-02,1.000000000000000000e+00
1.034953942683679712e-01,-9.658234941471308121e-02,1.000000000000000000e+00
1.228110063824741915e-01,-7.243836487821375680e-02,1.000000000000000000e+00
-1.195468993481202113e-01,-1.224028021717991355e-01,1.000000000000000000e+00
-1.448742115626242000e-01,-6.062600872957005227e-02,1.000000000000000000e+00
1.686678546051759431e-01,-4.166079140185752205e-02,1.000000000000000000e+00
1.685333617519187699e-01,-2.901976090712250766e-02,1.000000000000000000e+00
-1.264828008520857694e-01,-2.867468588304722052e-02,1.000000000000000000e+00
1.084349924697464856e-01,-6.979906000939249677e-02,1.000000000000000000e+00
1.353795758041930475e-01,-1.169793782838090546e-01,1.000000000000000000e+00
1.494473039691897320e-02,-1.035273476889741612e-01,1.000000000000000000e+00
-4.946580386634682330e-02,-9.302819486837120289e-02,1.000000000000000000e+00
1.746758726807715045e-01,-4.494397210251461876e-03,1.000000000000000000e+00
-1.386245651588848826e-01,-7.497896723973947186e-02,1.000000000000000000e+00
1.372655805189058886e-01,-8.848049415904562717e-03,1.000000000000000000e+00
-7.544204274928834053e-02,-1.287360778744645884e-01,1.000000000000000000e+00
8.808862783115306572e-02,-7.140793585473337313e-02,1.000000000000000000e+00
1.138904302488194104e-01,-9.349393538495633094e-02,1.000000000000000000e+00
-1.633630952241928169e-01,-1.023954762071953850e-01,1.000000000000000000e+00
-1.088794259053041912e-02,-1.933015801352484242e-01,1.000000000000000000e+00
-1.109480690664848140e-01,-3.717153721604690708e-02,1.000000000000000000e+00
1.395563022650357921e-01,-6.627541288475713444e-02,1.000000000000000000e+00
-1.785017019460849730e-01,-2.414748349731409699e-02,1.000000000000000000e+00
2.744308199680110805e-02,-9.926049582165118179e-02,1.000000000000000000e+00
1.239993156109269468e-01,-6.266136644579002601e-02,1.000000000000000000e+00
1.024121482358065181e-03,-1.386688531877535990e-01,1.000000000000000000e+00
-7.639077645345156153e-02,-1.080699305586236558e-01,1.000000000000000000e+00
1.119339990980695032e-01,-1.482683284775297983e-01,1.000000000000000000e+00
-7.048513264673197942e-02,-7.909849381196631946e-02,1.000000000000000000e+00
1.022592100004592192e-01,-1.236976760253302721e-01,1.000000000000000000e+00
2.469676123782668219e-03,-1.792939897120855997e-01,1.000000000000000000e+00
8.693303404070674978e-02,-5.710646387380967359e-02,1.000000000000000000e+00
5.108557961219190036e-02,-1.017132394868005552e-01,1.000000000000000000e+00
-5.103755246243080884e-02,-1.640335932732392143e-01,1.000000000000000000e+00
1.319205275471171390e-01,-2.107181958999813573e-02,1.000000000000000000e+00
1.037432452316826431e-01,-1.252719733187396267e-01,1.000000000000000000e+00
7.474007897639613207e-02,-1.552185780989838171e-01,1.000000000000000000e+00
-8.353970857194115140e-02,-7.367060618703138997e-02,1.000000000000000000e+00
1.405166094506278898e-02,-1.117488387670599465e-01,1.000000000000000000e+00
3.062669180365893903e-02,-1.002363724317269222e-01,1.000000000000000000e+00
1.381930835746289221e-01,-4.996500198324879682e-02,1.000000000000000000e+00
-8.269274256643439902e-02,-8.462284158502052234e-02,1.000000000000000000e+00
9.123524521471937376e-02,-6.500478972401044220e-02,1.000000000000000000e+00
-1.249173729314611014e-01,-3.977871393940328459e-02,1.000000000000000000e+00
-1.394975409914619158e-01,-6.788358065042751632e-02,1.000000000000000000e+00
-8.138675609986885384e-02,-9.408899545719445756e-02,1.000000000000000000e+00
-1.502115987057053570e-01,-2.106784853644915259e-02,1.000000000000000000e+00
8.332767670564410201e-02,-5.543602597632983631e-02,1.000000000000000000e+00
-9.748023255888145500e-02,-5.329471820792200387e-02,1.000000000000000000e+00
1.905329029742657554e-01,-2.391428397514962917e-02,1.000000000000000000e+00
7.815528515641227691e-02,-1.077496149136354109e-01,1.000000000000000000e+00
-8.908528169903940936e-04,-1.657540490692887003e-01,1.000000000000000000e+00
1.055437232466917563e-01,-1.215654023988331639e-01,1.000000000000000000e+00
6.457181343840318055e-02,-1.005994215491131660e-01,1.000000000000000000e+00
9.433948572127615062e-02,-1.147023955843525095e-01,1.000000000000000000e+00
9.797984225396831615e-02,-9.482464117672630144e-02,1.000000000000000000e+00
-1.112841888720639133e-01,-2.342452511709076923e-02,1.000000000000000000e+00
-6.592719624516794885e-02,-1.121874702426741421e-01,1.000000000000000000e+00
8.751873776437965602e-02,-1.183919628544186642e-01,1.000000000000000000e+00
4.073608378778857675e-02,-1.367988920107961748e-01,1.000000000000000000e+00
-1.117908593981968741e-02,-1.775305980165358122e-01,1.000000000000000000e+00
1.722262092085962149e-01,-3.712325347654787250e-02,1.000000000000000000e+00
5.639038503395566587e-02,-8.452255844535409846e-02,1.000000000000000000e+00
-5.867568388611995450e-02,-1.558475505497348146e-01,1.000000000000000000e+00
-5.127629861968872882e-02,-1.483442829870186552e-01,1.000000000000000000e+00
1.647859598987199969e-01,-4.422003428280986068e-03,1.000000000000000000e+00
7.732421326013778906e-02,-7.977708822876726502e-02,1.000000000000000000e+00
1.836542066979651999e-01,-6.102676155235922661e-02,1.000000000000000000e+00
-9.156301907896386913e-03,-1.208178131143337192e-01,1.000000000000000000e+00
-1.677567998324821508e-01,-6.335274046711256157e-02,1.000000000000000000e+00
-2.233110261633331275e-02,-1.256761882574777001e-01,1.000000000000000000e+00
1.713433819182746398e-01,-4.979507087022148892e-02,1.000000000000000000e+00
2.687992218614001713e-02,-1.970158607376001625e-01,1.000000000000000000e+00
9.702898646245558534e-02,-4.652400818897631241e-02,1.000000000000000000e+00
4.846622770312918049e-02,-1.294438178887762081e-01,1.000000000000000000e+00
-1.846054251806688098e-02,-1.743086131099597369e-01,1.000000000000000000e+00
5.652547187209403662e-02,-9.427903796753128729e-02,1.000000000000000000e+00
1.586512725199920038e-01,-4.973880439286366972e-02,1.000000000000000000e+00
1.429174531126115866e-01,-9.090074285375139562e-02,1.000000000000000000e+00
9.315767853641440666e-02,-1.060765131069341533e-01,1.000000000000000000e+00
7.832186514710746950e-02,-7.509191719587453295e-02,1.000000000000000000e+00
5.782163523230709340e-02,-1.588517026227755924e-01,1.000000000000000000e+00
-1.069878053409741708e-01,-1.689259822322102325e-02,1.000000000000000000e+00
1.331509475813811016e-01,-1.001343421441158593e-01,1.000000000000000000e+00
-9.791941554485880661e-02,-3.079651197960248457e-02,1.000000000000000000e+00
1.223462362146295057e-01,-5.847333995615563301e-02,1.000000000000000000e+00
-1.453881148696498649e-01,-3.392229582599878140e-03,1.000000000000000000e+00
7.217054577431739060e-02,-8.908517551267217116e-02,1.000000000000000000e+00
1.660678245627204008e-01,-2.095114292214909218e-02,1.000000000000000000e+00
-7.260060645766194809e-02,-1.757996791930297176e-01,1.000000000000000000e+00
4.325110482199756579e-02,-9.528014345589741474e-02,1.000000000000000000e+00
-9.218283990034652209e-02,-1.647545690990706302e-01,1.000000000000000000e+00
3.585733346409695349e-02,-1.515277447190603866e-01,1.000000000000000000e+00
-1.238693383959826172e-01,-1.101828737543047998e-01,1.000000000000000000e+00
1.053518938896248064e-01,-8.927152228057164129e-02,1.000000000000000000e+00
1.116705015006529689e-01,-1.140505713250413999e-01,1.000000000000000000e+00
8.657487443300199148e-02,-1.256170624106180689e-01,1.000000000000000000e+00
5.410245747039348768e-02,-1.435162496237115393e-01,1.000000000000000000e+00
1.524975528827825222e-01,-9.563145075421564112e-02,1.000000000000000000e+00
-1.430232846882539266e-01,-6.477396353657130512e-02,1.000000000000000000e+00
1.808960119333979585e-02,-9.889487436612742766e-02,1.000000000000000000e+00
-1.120946163762434056e-01,-7.817436826517497328e-02,1.000000000000000000e+00
1.026709129565218787e-01,-3.423541045806602345e-02,1.000000000000000000e+00
9.409458779692909947e-02,-4.352114888175925150e-02,1.000000000000000000e+00
9.646475834738890698e-02,-1.725065905388069309e-01,1.000000000000000000e+00
1.874950410432678072e-01,-4.770215674012352053e-02,1.000000000000000000e+00
-1.705862676349313989e-01,-2.876930427756603861e-02,1.000000000000000000e+00
1.013221537186121540e-01,-6.350723473931366159e-02,1.000000000000000000e+00
-1.601794524756615101e-01,-1.196175760259518828e-01,1.000000000000000000e+00
-8.611310623969169187e-02,-8.981357321588580300e-02,1.000000000000000000e+00
1.177177309799421756e-01,-1.393023358999999177e-02,1.000000000000000000e+00
-7.265400823147898091e-02,-1.139585968080523981e-01,1.000000000000000000e+00
1.646476652373908001e-01,-7.512660021990945347e-02,1.000000000000000000e+00
-5.985299767479673044e-02,-9.570004743077460685e-02,1.000000000000000000e+00
-1.339174796441597037e-01,-1.586485764461707457e-02,1.000000000000000000e+00
1.219387898509515927e-01,-1.313045355433090644e-01,1.000000000000000000e+00
-1.164669529874162446e-01,-2.381892502259359140e-02,1.000000000000000000e+00
-1.193823271506994493e-01,-9.188550526403502228e-02,1.000000000000000000e+00
1.285945245883708121e-01,-4.088507853875097270e-03,1.000000000000000000e+00
-1.776657058653357268e-01,-1.778485514104323720e-05,1.000000000000000000e+00
1.099980886838760746e-01,-6.784850060515423831e-02,1.000000000000000000e+00
9.138510144005024260e-02,-6.513511800825287634e-02,1.000000000000000000e+00
-1.071582772995486599e-01,-1.312861411311796456e-01,1.000000000000000000e+00
5.853073447251893463e-02,-1.564073649180187375e-01,1.000000000000000000e+00
-1.487505205984630471e-03,-1.029961629301547610e-01,1.000000000000000000e+00
-1.389175620131755662e-01,-5.073350646374307502e-04,1.000000000000000000e+00
9.177900430983328139e-02,-8.723666408684187246e-02,1.000000000000000000e+00
6.331348546022884383e-02,-1.425863308145360053e-01,1.000000000000000000e+00
1.297954699360111541e-01,-4.506582035027923566e-02,1.000000000000000000e+00
6.537707515660642899e-02,-9.914666903716759516e-02,1.000000000000000000e+00
7.817309505688307958e-02,-7.870931936933835138e-02,1.000000000000000000e+00
-2.333598314411736499e-02,-1.101863072120219805e-01,1.000000000000000000e+00
-1.521512985517959049e-01,-3.342285330005741878e-02,1.000000000000000000e+00
-1.557113967315323089e-01,-8.295437692584002208e-04,1.000000000000000000e+00
-1.150665661210125423e-01,-7.885507139699200752e-02,1.000000000000000000e+00
1.216963874436095688e-01,-1.153853028623954419e-01,1.000000000000000000e+00
-1.808047751422224014e-01,-4.472811729595065067e-02,1.000000000000000000e+00
2.620388776796630029e-02,-1.676214905371674613e-01,1.000000000000000000e+00
-1.110249993563548060e-01,-9.344963652495458239e-02,1.000000000000000000e+00
1.179568517559499846e-01,-1.327209743949348542e-01,1.000000000000000000e+00
8.762291616993157783e-02,-9.662786755389651816e-02,1.000000000000000000e+00
-4.645726866174354486e-02,-1.810365651787345098e-01,1.000000000000000000e+00
1.324730403611306118e-01,-5.468258064568768534e-02,1.000000000000000000e+00
6.051521833075469703e-02,-1.071189811021136112e-01,1.000000000000000000e+00
-1.512309787679256556e-01,-6.352731959193307076e-02,1.000000000000000000e+00
-1.808835320877744957e-01,-3.430578022317042064e-02,1.000000000000000000e+00
8.968745750176081166e-02,-1.735637633795041324e-01,1.000000000000000000e+00
3.514090996690108493e-02,-1.537760745652837768e-01,1.000000000000000000e+00
-1.697590373907585659e-01,-1.848721839141811984e-02,1.000000000000000000e+00
-6.763161876910626924e-02,-1.862766253391721638e-01,1.000000000000000000e+00
-3.243924641705587392e-02,-1.712489266072770022e-01,1.000000000000000000e+00
1.306929919108052174e-01,-1.395857655217324078e-01,1.000000000000000000e+00
1.376642126085431961e-01,-3.552475064393147142e-02,1.000000000000000000e+00
-8.611619106588815076e-03,-1.649714831625620493e-01,1.000000000000000000e+00
-6.378929310287423382e-02,-1.488235736160135325e-01,1.000000000000000000e+00
1.547580314457538964e-01,-5.714033850293719075e-02,1.000000000000000000e+00
-5.842203346181128881e-02,-1.577331137673500805e-01,1.000000000000000000e+00
-9.613834330409912199e-02,-1.529728966782490096e-01,1.000000000000000000e+00
1.051409323535941603e-01,-1.145096103664296032e-02,1.000000000000000000e+00
1.983086385008920038e-01,-8.800354044158265401e-03,1.000000000000000000e+00
6.484772961358331589e-02,-1.694400998033469830e-01,1.000000000000000000e+00
1.226444459222658517e-01,-1.033508010778394770e-01,1.000000000000000000e+00
-4.698028596768796805e-02,-1.264402881025484537e-01,1.000000000000000000e+00
8.986352742532470461e-02,-1.103979488399449010e-01,1.000000000000000000e+00
-9.663052197023713416e-03,-1.081518125685044240e-01,1.000000000000000000e+00
4.769381026479904001e-02,-1.759861017724642651e-01,1.000000000000000000e+00
5.816802619334109081e-02,-1.631851337162269211e-01,1.000000000000000000e+00
-1.826863848490091480e-01,-3.781518251029445375e-04,1.000000000000000000e+00
6.777326873036539079e-02,-1.704113035370570517e-01,1.000000000000000000e+00
-1.700718556017733474e-01,-5.108923545156773133e-02,1.000000000000000000e+00
1.135134733498517068e-01,-1.347074672533278561e-01,1.000000000000000000e+00
1.648849044347746040e-01,-1.089603027695140863e-01,1.000000000000000000e+00
-1.022013901423463600e-01,-1.057961053113642691e-01,1.000000000000000000e+00
8.830275205548986095e-02,-1.130301767005134905e-01,1.000000000000000000e+00
9.078282898213300978e-02,-5.265990980928933474e-02,1.000000000000000000e+00
6.751230431601765170e-02,-7.887040856891885943e-02,1.000000000000000000e+00
-3.408880732613978753e-02,-1.348249336449023617e-01,1.000000000000000000e+00
6.504216063365797496e-02,-1.617817565412425496e-01,1.000000000000000000e+00
1.804937704507967311e-01,-1.714709079229066258e-03,1.000000000000000000e+00
4.892186374637506885e-02,-9.817258326420705283e-02,1.000000000000000000e+00
-2.405213164441363100e-02,-1.114049876195343930e-01,1.000000000000000000e+00
-1.067951668144126454e-01,-5.579576264279504033e-04,1.000000000000000000e+00
-1.493559878468205815e-01,-1.219807800170674347e-02,1.000000000000000000e+00
1.122407101888436565e-01,-1.105973191277712653e-01,1.000000000000000000e+00
1.270747788292782565e-01,-9.127193068843958423e-02,1.000000000000000000e+00
-4.595675506328293636e-02,-9.800466183883425886e-02,1.000000000000000000e+00
-1.621262683166573848e-01,-1.444880795222425011e-02,1.000000000000000000e+00
-9.874027997010033364e-02,-8.342217330649383256e-02,1.000000000000000000e+00
-1.057279973322801658e-01,-5.494888708657470755e-02,1.000000000000000000e+00
1.016354574114741449e-01,-6.210314523548568846e-03,1.000000000000000000e+00
6.243521208313995013e-02,-1.227829248373897564e-01,1.000000000000000000e+00
1.239761525136189729e-01,-1.409079862108620906e-01,1.000000000000000000e+00
-2.278318561848285406e-01,3.796646875159393614e-02,0.000000000000000000e+00
-1.096562195945577634e-01,2.228428246847547478e-01,0.000000000000000000e+00
1.177874828689381564e-01,2.499937678951264786e-01,0.000000000000000000e+00
2.076604650288527421e-01,2.118742147507455265e-01,0.000000000000000000e+00
-2.145083436048784986e-01,1.472270382140357936e-01,0.000000000000000000e+00
2.097252474462397154e-01,1.224354421919694597e-01,0.000000000000000000e+00
2.292166831996118592e-01,1.530451178704493320e-01,0.000000000000000000e+00
-7.256018005141698368e-02,1.879483295941002108e-01,0.000000000000000000e+00
2.168846610585479506e-01,3.267637220363876771e-02,0.000000000000000000e+00
-6.440293863605363323e-02,2.577188246405265337e-01,0.000000000000000000e+00
-1.333884958644943608e-01,2.510772676451797913e-01,0.000000000000000000e+00
2.734071311797789949e-01,8.390702491835837218e-02,0.000000000000000000e+00
-1.319282070409610319e-01,2.035941236531608189e-01,0.000000000000000000e+00
1.485069353311687101e-01,2.582980995704485805e-01,0.000000000000000000e+00
-2.407697340530802477e-01,6.026026019663616173e-02,0.000000000000000000e+00
-2.782268863363541178e-01,2.884731308887480972e-02,0.000000000000000000e+00
7.162047509052009431e-02,2.650867849221389405e-01,0.000000000000000000e+00
-2.206344434275064534e-02,2.251941828810092028e-01,0.000000000000000000e+00
-5.343847550575223787e-02,2.354745048215498293e-01,0.000000000000000000e+00
-4.546356521694556140e-03,2.414355508918714088e-01,0.000000000000000000e+00
1.932781853616622747e-01,2.093021709943466702e-01,0.000000000000000000e+00
2.092004984230015352e-01,4.766950786377539828e-02,0.000000000000000000e+00
-7.127386356210847762e-02,2.769402032899000998e-01,0.000000000000000000e+00
2.685294125726807590e-01,8.062606754108271601e-02,0.000000000000000000e+00
8.355267362965382305e-02,2.059964804085818724e-01,0.000000000000000000e+00
1.404719707333478007e-02,2.534441059522078987e-01,0.000000000000000000e+00
-2.053109014605390970e-01,8.349602817050970349e-02,0.000000000000000000e+00
1.447217181837051336e-01,2.442540218231845361e-01,0.000000000000000000e+00
2.225310163487506376e-01,8.657070514935305550e-02,0.000000000000000000e+00
-2.473807763918667579e-01,3.835486712288054857e-03,0.000000000000000000e+00
3.232267018001654113e-02,2.514319814036930500e-01,0.000000000000000000e+00
2.136012782621272699e-01,6.520086987812022394e-02,0.000000000000000000e+00
-2.036199304113352204e-01,1.804934495194640207e-02,0.000000000000000000e+00
2.026124105134726738e-01,4.150807725593213399e-03,0.000000000000000000e+00
-9.072563261224809994e-02,1.875438658572525508e-01,0.000000000000000000e+00
1.100257079360344586e-01,2.081809227006130858e-01,0.000000000000000000e+00
-2.539444518181159238e-01,7.670521816020947625e-02,0.000000000000000000e+00
1.605720486718223705e-01,2.446174558832945323e-01,0.000000000000000000e+00
-2.589411317981772931e-01,1.203247231448433957e-01,0.000000000000000000e+00
2.395774885569206258e-01,1.701557366371825863e-01,0.000000000000000000e+00
1.822769215770167206e-01,1.761570227061457494e-01,0.000000000000000000e+00
-2.043108106196134810e-01,1.149770589769577578e-01,0.000000000000000000e+00
-2.031403395185847616e-02,2.080381971244684158e-01,0.000000000000000000e+00
2.428852595750042032e-01,1.300335743759682416e-01,0.000000000000000000e+00
-1.318451439888698173e-01,1.620086898443780232e-01,0.000000000000000000e+00
-1.030102303913140172e-01,2.568005401290893719e-01,0.000000000000000000e+00
-2.283286897757264011e-02,2.119991586730206046e-01,0.000000000000000000e+00
2.369728964053629539e-01,9.424917798725257478e-03,0.000000000000000000e+00
-1.441702267954162175e-01,2.388308429923155507e-01,0.000000000000000000e+00
-1.039255044604719784e-02,2.447181910921561176e-01,0.000000000000000000e+00
-2.634871276159246323e-01,3.534291019640884574e-02,0.000000000000000000e+00
-1.330361910972384931e-01,2.266564596428007616e-01,0.000000000000000000e+00
-2.412476588333165584e-01,6.377314206372895755e-02,0.000000000000000000e+00
-9.250280872916785690e-02,2.139105386795515373e-01,0.000000000000000000e+00
2.047549661825548983e-01,6.509563730215955912e-02,0.000000000000000000e+00
-2.510336374469632759e-01,1.512043480380409199e-01,0.000000000000000000e+00
1.557959756251763306e-01,1.457479690685009044e-01,0.000000000000000000e+00
-1.178918495616973899e-01,2.615764831879319186e-01,0.000000000000000000e+00
-2.674933185903675681e-01,9.015713441182196530e-02,0.000000000000000000e+00
-2.296036714703909160e-02,2.153131214881474631e-01,0.000000000000000000e+00
9.342603594294404375e-04,2.879402038857593604e-01,0.000000000000000000e+00
-2.029581260137091614e-01,8.123869113918408269e-02,0.000000000000000000e+00
-2.265388023026090880e-01,8.739040860913206699e-02,0.000000000000000000e+00
-1.447000207525804272e-01,2.502385011158249628e-01,0.000000000000000000e+00
2.358989900078104496e-01,1.279692299947318423e-01,0.000000000000000000e+00
1.348262317213198003e-01,2.027108247450841172e-01,0.000000000000000000e+00
2.060009653768267723e-01,1.735464167691597726e-01,0.000000000000000000e+00
-2.039391249072947110e-01,6.591614827824021638e-02,0.000000000000000000e+00
6.376931172384690816e-02,2.468869567291263334e-01,0.000000000000000000e+00
1.766994606268180723e-01,1.949777644320631609e-01,0.000000000000000000e+00
1.892614808379624314e-01,1.863129733331168603e-01,0.000000000000000000e+00
-1.125186307201254399e-01,2.286635186862821245e-01,0.000000000000000000e+00
-2.328437604243588366e-01,3.697800085073267877e-04,0.000000000000000000e+00
2.668378075342803593e-02,2.501427110952672561e-01,0.000000000000000000e+00
3.966907376942163665e-02,2.454440562245461255e-01,0.000000000000000000e+00
-1.881162211490108038e-01,2.080455366936833361e-01,0.000000000000000000e+00
2.617268001381915093e-02,2.352812157002912852e-01,0.000000000000000000e+00
1.872163091733804879e-02,2.015432555051391295e-01,0.000000000000000000e+00
-2.100074249898883361e-01,9.323240709095821643e-02,0.000000000000000000e+00
1.740021779763215592e-01,1.033839084934862346e-01,0.000000000000000000e+00
2.588167675701557036e-01,7.934407321854911044e-02,0.000000000000000000e+00
1.701157120502225784e-01,2.226277891510580753e-01,0.000000000000000000e+00
6.291928390154326312e-02,2.887696306166075422e-01,0.000000000000000000e+00
-2.344314358675975984e-01,1.145786506480767214e-01,0.000000000000000000e+00
-2.169512706225227572e-01,6.082501838999359450e-02,0.000000000000000000e+00
-7.158653471226452021e-03,2.166635210048515336e-01,0.000000000000000000e+00
-5.168053110739895956e-02,2.154850260914242255e-01,0.000000000000000000e+00
-2.301687780251420248e-02,2.099240727743469093e-01,0.000000000000000000e+00
1.128471192140243218e-01,2.570041022789256169e-01,0.000000000000000000e+00
1.949126822448847829e-01,7.249044218366006154e-02,0.000000000000000000e+00
-3.890074575161477088e-02,2.485220916965766580e-01,0.000000000000000000e+00
1.749080129744858547e-01,2.172547118299215374e-01,0.000000000000000000e+00
4.512500870464956210e-02,2.540534614138766911e-01,0.000000000000000000e+00
2.290372308497469200e-01,1.474884158663348176e-03,0.000000000000000000e+00
7.768312032600335759e-02,1.862208025474692552e-01,0.000000000000000000e+00
-2.458651928432025180e-01,1.035840430127971251e-01,0.000000000000000000e+00
1.539470190469269806e-01,1.847471364599125865e-01,0.000000000000000000e+00
1.094674391832659854e-01,2.212926858679900577e-01,0.000000000000000000e+00
2.502473399437505353e-01,1.349793638581979829e-02,0.000000000000000000e+00
1.318678260422587734e-01,1.516604317511522915e-01,0.000000000000000000e+00
-8.089576287696593343e-03,2.211077723051891597e-01,0.000000000000000000e+00
4.372859440214035831e-02,2.173369148462549749e-01,0.000000000000000000e+00
-2.507735907992234559e-01,7.015470915771117311e-02,0.000000000000000000e+00
-2.659739497633621941e-01,2.922209136032679309e-03,0.000000000000000000e+00
-7.544410256921001146e-02,2.399801527724211569e-01,0.000000000000000000e+00
-7.073636232811017499e-02,2.498364988255335484e-01,0.000000000000000000e+00
-2.082244350173929337e-01,1.006195204364177670e-01,0.000000000000000000e+00
-1.924233503181089697e-02,2.655321817650036498e-01,0.000000000000000000e+00
-1.203714735933392871e-01,1.910275979315661232e-01,0.000000000000000000e+00
-2.181494634274241118e-01,1.608660383119426829e-01,0.000000000000000000e+00
-1.889467890468337630e-01,1.122609224434737291e-01,0.000000000000000000e+00
8.860413068069318554e-02,2.189145424046781974e-01,0.000000000000000000e+00
2.126846970087867550e-01,5.770774185600791722e-02,0.000000000000000000e+00
-5.242656352720265200e-02,2.702283858845209163e-01,0.000000000000000000e+00
-1.780159082496902134e-01,1.821492251400075590e-01,0.000000000000000000e+00
-1.739926194237864654e-01,1.563136850055008020e-01,0.000000000000000000e+00
2.229688761910467165e-01,7.183026150634903850e-02,0.000000000000000000e+00
-4.300486132959337876e-02,2.372854181488274206e-01,0.000000000000000000e+00
-9.252214369753353207e-02,2.703558886638054437e-01,0.000000000000000000e+00
-1.853023529879151143e-01,2.301000589232282678e-01,0.000000000000000000e+00
1.923037745383015251e-01,1.876658410976339564e-01,0.000000000000000000e+00
9.189248100460936652e-02,1.874804488056498186e-01,0.000000000000000000e+00
-2.094031052825579275e-01,8.996812158981087881e-02,0.000000000000000000e+00
2.087359571292634608e-01,1.147940976133292185e-01,0.000000000000000000e+00
5.108864071845319044e-02,2.921268870424620911e-01,0.000000000000000000e+00
1.567509737162061656e-01,2.493752172129627964e-01,0.000000000000000000e+00
1.062849678744860887e-01,2.470411994906175912e-01,0.000000000000000000e+00
1.225309663503746788e-01,1.717314824775565130e-01,0.000000000000000000e+00
-2.045507025361087694e-01,1.576945562027406711e-01,0.000000000000000000e+00
1.970270565845331362e-02,2.071741793900525874e-01,0.000000000000000000e+00
2.529863215070496385e-01,2.730819019591039509e-02,0.000000000000000000e+00
-5.980231476097427196e-02,2.272511820285476047e-01,0.000000000000000000e+00
2.828233991647010614e-01,6.497149182857747673e-02,0.000000000000000000e+00
-2.688829601561558147e-01,9.932183833071756007e-02,0.000000000000000000e+00
-1.542277953140626552e-02,2.794189295289333241e-01,0.000000000000000000e+00
-1.660699579455974240e-01,1.642215064313050643e-01,0.000000000000000000e+00
-1.075018279575409852e-01,1.784715401566562831e-01,0.000000000000000000e+00
1.314493962159379858e-01,1.879012310179252188e-01,0.000000000000000000e+00
1.460794916703651858e-01,1.779838216785113725e-01,0.000000000000000000e+00
-2.012697163473544382e-01,1.157295131422785145e-01,0.000000000000000000e+00
7.157403457136565783e-02,2.791875726814561642e-01,0.000000000000000000e+00
1.952819206137617336e-01,1.096409001532304972e-01,0.000000000000000000e+00
-2.388777570035722775e-01,7.061804457293430204e-02,0.000000000000000000e+00
-2.281739848726586917e-01,4.595728859061258553e-02,0.000000000000000000e+00
-5.481633901685033575e-03,2.033926691448447732e-01,0.000000000000000000e+00
2.623530295414608915e-01,4.318289147474015793e-02,0.000000000000000000e+00
-2.301888992089047847e-01,1.593002426452217457e-01,0.000000000000000000e+00
-1.921661142634448483e-01,6.684154765791669450e-02,0.000000000000000000e+00
-1.932874246274368657e-01,1.148991019213988496e-01,0.000000000000000000e+00
-2.134663156240738380e-01,1.675600955106957002e-01,0.000000000000000000e+00
-1.833055851901676525e-01,1.031166365704145743e-01,0.000000000000000000e+00
2.444447152262631817e-01,8.593312280403543613e-02,0.000000000000000000e+00
-4.699965399841488090e-02,2.742671693940519351e-01,0.000000000000000000e+00
-2.733187604822072680e-01,1.769441234791628483e-03,0.000000000000000000e+00
-4.803329019028660524e-02,2.641698155891908373e-01,0.000000000000000000e+00
-2.066245230472937011e-01,1.772261850223883495e-01,0.000000000000000000e+00
-2.582773819312513819e-01,4.119493077761626765e-02,0.000000000000000000e+00
-1.271334822794041933e-02,2.262192075818421355e-01,0.000000000000000000e+00
2.664780040833814034e-01,1.615676834889082786e-02,0.000000000000000000e+00
6.522658077687075277e-03,2.320240408687094524e-01,0.000000000000000000e+00
-2.538245785376163632e-01,6.005691558607829245e-02,0.000000000000000000e+00
1.117736393175021437e-01,2.321046541288868670e-01,0.000000000000000000e+00
-1.929870246847140980e-01,9.126837188303769943e-02,0.000000000000000000e+00
1.137784041896870713e-01,1.782535060932650128e-01,0.000000000000000000e+00
-1.846743301720248642e-01,2.099035902337806070e-01,0.000000000000000000e+00
1.088994248130147613e-01,2.048127264831630934e-01,0.000000000000000000e+00
-1.816741027275811937e-01,2.341128995550400549e-01,0.000000000000000000e+00
1.011287744237716751e-01,2.641822702954227386e-01,0.000000000000000000e+00
1.048220455601365925e-01,2.366648492774020007e-01,0.000000000000000000e+00
-1.649982955381009975e-01,2.430927377998516048e-01,0.000000000000000000e+00
1.122011609662326298e-01,1.831443602140727378e-01,0.000000000000000000e+00
-2.992319757819358883e-02,2.229520943690634360e-01,0.000000000000000000e+00
-1.730885156289578286e-01,1.573704914423219303e-01,0.000000000000000000e+00
-1.559155009575534934e-01,1.594684494573313793e-01,0.000000000000000000e+00
-2.677632310031022311e-01,3.811266950725240160e-02,0.000000000000000000e+00
-1.930523272495378584e-01,1.081733473902725534e-01,0.000000000000000000e+00
3.850460272543669571e-02,1.967230815860830651e-01,0.000000000000000000e+00
-9.512528009949557106e-02,1.812249319310048623e-01,0.000000000000000000e+00
8.172050249414390330e-03,2.541283728319270185e-01,0.000000000000000000e+00
1.957671880689643984e-01,2.268469977886872491e-01,0.000000000000000000e+00
-2.324702219481511178e-01,1.452985817586900374e-01,0.000000000000000000e+00
3.391012476619889582e-02,2.916611637075361974e-01,0.000000000000000000e+00
-2.059659025818584566e-01,5.062944488814810629e-02,0.000000000000000000e+00
1.980406232635679997e-01,9.680863702626259226e-02,0.000000000000000000e+00
2.499595197631305221e-01,8.472426902685008254e-02,0.000000000000000000e+00
-2.793588897034885582e-02,2.404748467243609522e-01,0.000000000000000000e+00
9.185822960833477102e-02,2.165850143896649316e-01,0.000000000000000000e+00
-2.475909662245844370e-02,2.200053582197450674e-01,0.000000000000000000e+00
-2.128299076055748529e-01,1.686298897899658478e-01,0.000000000000000000e+00
5.229489409389807136e-02,2.170981773895183931e-01,0.000000000000000000e+00
-2.063230216080258472e-01,2.032386675638206686e-01,0.000000000000000000e+00
1.235060182484791491e-01,1.637481594402442064e-01,0.000000000000000000e+00
-2.249421713630337383e-01,1.117261893818914525e-01,0.000000000000000000e+00
-1.056643187745430305e-02,2.807737712618795789e-01,0.000000000000000000e+00
2.585275537801198231e-01,1.653917828332575682e-02,0.000000000000000000e+00
-2.095686877059480258e-01,3.929703658705145652e-02,0.000000000000000000e+00
2.247067301643824733e-01,1.488775181368749874e-02,0.000000000000000000e+00
-2.135652912294440098e-01,2.076213668297955117e-01,0.000000000000000000e+00
-1.794495481243661428e-01,2.229784758338260453e-01,0.000000000000000000e+00
5.067788364685382740e-02,2.696242479891819976e-01,0.000000000000000000e+00
-2.759225460733719104e-01,-4.510243876308563798e-02,0.000000000000000000e+00
2.824049738135812060e-01,-2.867513798348171605e-02,0.000000000000000000e+00
-2.299365285274214132e-01,-1.206720402139810633e-01,0.000000000000000000e+00
-1.862772884437197685e-01,-2.185709288470423506e-01,0.000000000000000000e+00
-9.632955046362598472e-02,-2.308508539801188697e-01,0.000000000000000000e+00
-2.863035482410027366e-01,-3.099371124462233645e-02,0.000000000000000000e+00
1.018752923231038277e-01,-2.461001472168837800e-01,0.000000000000000000e+00
-1.641654586319656883e-01,-1.518569967231508389e-01,0.000000000000000000e+00
-2.395943726104853011e-01,-7.766241827623172889e-02,0.000000000000000000e+00
2.669183147500227005e-01,-1.091666610641240098e-01,0.000000000000000000e+00
-2.898035713244146994e-01,-4.269059282367857616e-02,0.000000000000000000e+00
-2.574879583039170299e-03,-2.781053866912568395e-01,0.000000000000000000e+00
1.550334123759574689e-01,-1.834927939215888482e-01,0.000000000000000000e+00
-2.345769902630954751e-01,-1.464393304847618205e-01,0.000000000000000000e+00
-2.217698382543489000e-01,-1.448150979796728743e-01,0.000000000000000000e+00
-9.187207015271885158e-02,-2.389400598255433383e-01,0.000000000000000000e+00
-1.279486227917346064e-01,-2.492248293058109687e-01,0.000000000000000000e+00
1.266147171364644802e-02,-2.011603329624464254e-01,0.000000000000000000e+00
-7.814573047604952971e-02,-2.582238019123567208e-01,0.000000000000000000e+00
2.263758402196743846e-01,-1.658127322108154111e-01,0.000000000000000000e+00
2.351075248772346582e-01,-3.151430618199730499e-02,0.000000000000000000e+00
-1.942556363978989731e-01,-9.383445252024114058e-02,0.000000000000000000e+00
-1.423786111196040371e-01,-1.770168340638220428e-01,0.000000000000000000e+00
-1.921321137236049054e-02,-2.481238228620501474e-01,0.000000000000000000e+00
-1.482357633787367845e-01,-1.685257252719135901e-01,0.000000000000000000e+00
-1.749249744173327348e-01,-1.131571036112739154e-01,0.000000000000000000e+00
-2.031823570777565036e-01,-9.511374119489893197e-02,0.000000000000000000e+00
1.781974446171805671e-01,-2.334638373008455503e-01,0.000000000000000000e+00
2.364832377025140597e-01,-1.107927658523804176e-01,0.000000000000000000e+00
5.236219030319180616e-03,-2.051867469350198980e-01,0.000000000000000000e+00
8.167405750276626741e-02,-2.256024466300906861e-01,0.000000000000000000e+00
-1.714739840341333033e-01,-1.243761843670360134e-01,0.000000000000000000e+00
9.833068258510097026e-02,-2.151185317177121692e-01,0.000000000000000000e+00
1.797976978365290468e-01,-1.489287324176972183e-01,0.000000000000000000e+00
2.731401053109114851e-01,-1.232866675511519322e-01,0.000000000000000000e+00
2.023291802162170416e-01,-1.144062053830317838e-02,0.000000000000000000e+00
-2.011871767045159132e-01,-1.860108222440930437e-01,0.000000000000000000e+00
-2.336261336853835691e-01,-9.365474364338757796e-02,0.000000000000000000e+00
-5.115038805325354543e-02,-2.140163120472084457e-01,0.000000000000000000e+00
-1.133978374568872377e-01,-1.768533202291472650e-01,0.000000000000000000e+00
-2.545203872655874000e-01,-4.075297630129397219e-02,0.000000000000000000e+00
2.341825139113740684e-01,-1.871403000948244910e-01,0.000000000000000000e+00
-7.757412941122676653e-02,-2.858335640637870156e-01,0.000000000000000000e+00
-1.850425737345761656e-01,-1.789459277206897625e-01,0.000000000000000000e+00
-1.725182265704666706e-01,-2.065866669489809793e-01,0.000000000000000000e+00
-1.601079139597348655e-01,-1.762589730870021132e-01,0.000000000000000000e+00
1.070461214743430173e-01,-1.751293061595926293e-01,0.000000000000000000e+00
2.353473135913570768e-01,-8.844675759723001282e-03,0.000000000000000000e+00
-4.235901836600449583e-02,-2.215824531366197558e-01,0.000000000000000000e+00
-1.208087132313002826e-01,-1.879310721101062343e-01,0.000000000000000000e+00
-4.303583307080198483e-02,-2.161594162112913664e-01,0.000000000000000000e+00
-3.481298760538373283e-02,-1.980680643038769118e-01,0.000000000000000000e+00
-2.780265874648045199e-01,-9.741639072417658529e-02,0.000000000000000000e+00
1.975161821883018309e-01,-1.461625351864096756e-01,0.000000000000000000e+00
2.234880110161069633e-01,-9.924997501540791175e-03,0.000000000000000000e+00
1.694133744244466153e-02,-2.791122674909157775e-01,0.000000000000000000e+00
-1.332142603511914380e-01,-2.498698268382231469e-01,0.000000000000000000e+00
2.904474775104812223e-01,-1.505667883071496425e-02,0.000000000000000000e+00
4.627987078129684045e-02,-2.896265331216319461e-01,0.000000000000000000e+00
-7.746442167610127771e-02,-1.871805501035961883e-01,0.000000000000000000e+00
4.305826984941882318e-02,-2.216658099105674740e-01,0.000000000000000000e+00
6.985272649993223837e-02,-1.893648352809534918e-01,0.000000000000000000e+00
1.558226060097774868e-01,-2.475409798213698553e-01,0.000000000000000000e+00
1.225095272673846492e-01,-2.672410726224411781e-01,0.000000000000000000e+00
1.717215784489451724e-01,-2.354986730356760094e-01,0.000000000000000000e+00
1.746054738642440485e-01,-1.357301754692679385e-01,0.000000000000000000e+00
-1.139041696152402472e-01,-2.504691925495696192e-01,0.000000000000000000e+00
-2.863121662528028133e-01,-3.819575305913082419e-02,0.000000000000000000e+00
-9.666298204610856981e-02,-2.738936270681226470e-01,0.000000000000000000e+00
-2.078643865771017951e-01,-1.423203846162461594e-01,0.000000000000000000e+00
1.988706546604007419e-01,-1.290341557436100461e-01,0.000000000000000000e+00
-2.210575266380817583e-01,-1.000864840113666401e-02,0.000000000000000000e+00
2.057373644150591874e-01,-1.678809491128649689e-01,0.000000000000000000e+00
2.901492661061040867e-01,-1.416206748696808605e-02,0.000000000000000000e+00
-2.709045639927468163e-01,-1.276587624463747239e-01,0.000000000000000000e+00
2.018216445981354801e-01,-1.234180548421368734e-02,0.000000000000000000e+00
-2.229684378320034854e-01,-1.529618148967780422e-01,0.000000000000000000e+00
-1.151639733330907661e-01,-2.357143972310891678e-01,0.000000000000000000e+00
5.911241264771569665e-02,-1.928380669218043297e-01,0.000000000000000000e+00
2.639233391392821759e-01,-5.534844387990287690e-02,0.000000000000000000e+00
-1.998981693760162603e-01,-2.455974882441213508e-02,0.000000000000000000e+00
-1.998573165387229622e-01,-6.423839362857790281e-02,0.000000000000000000e+00
4.068291492967048006e-02,-2.165432141570658719e-01,0.000000000000000000e+00
-1.428282272244927320e-01,-2.373437064739861435e-01,0.000000000000000000e+00
1.958238812098635206e-01,-1.785111164238240289e-01,0.000000000000000000e+00
-1.863902606363029013e-01,-7.435682240514056296e-02,0.000000000000000000e+00
1.737144897169087820e-01,-1.072429030830500396e-01,0.000000000000000000e+00
1.124200291246432309e-01,-2.030402208610296300e-01,0.000000000000000000e+00
-5.345961249935813784e-04,-2.851229941349129327e-01,0.000000000000000000e+00
1.064619814465590092e-01,-2.534303379937394296e-01,0.000000000000000000e+00
2.131464683832156870e-01,-7.997316996492231933e-02,0.000000000000000000e+00
8.463704019699591630e-02,-2.078173338075972598e-01,0.000000000000000000e+00
1.364514035530165481e-01,-1.636463499244736886e-01,0.000000000000000000e+00
1.434513753952284809e-01,-2.319080878930945000e-01,0.000000000000000000e+00
4.856050190978003500e-02,-2.585527352672505330e-01,0.000000000000000000e+00
1.870812840111864828e-01,-1.043823514321674251e-01,0.000000000000000000e+00
-7.312418589044189510e-02,-2.752309793390740333e-01,0.000000000000000000e+00
-2.303936909888582851e-01,-6.053471589022617338e-02,0.000000000000000000e+00
-2.347072077857712546e-01,-1.203318466153648625e-01,0.000000000000000000e+00
-2.301502593514237194e-01,-5.020102208373958957e-02,0.000000000000000000e+00
-1.142779702729273747e-02,-2.247561864386785346e-01,0.000000000000000000e+00
3.802073467812620150e-02,-2.589270346043403004e-01,0.000000000000000000e+00
2.020355148365058084e-01,-4.931791742875626938e-02,0.000000000000000000e+00
2.921504691080163418e-01,-1.944853291107319533e-03,0.000000000000000000e+00
1.718916662984686372e-01,-1.329076784718714599e-01,0.000000000000000000e+00
-1.156173640798043856e-01,-1.785950494604445771e-01,0.000000000000000000e+00
-1.949252635819671009e-01,-1.505001330986371344e-01,0.000000000000000000e+00
2.053098250219433096e-01,-1.328004180047051563e-01,0.000000000000000000e+00
3.111603099193734415e-02,-2.673284876660791953e-01,0.000000000000000000e+00
1.269518413823618186e-01,-1.864491676649195073e-01,0.000000000000000000e+00
6.163484395176208053e-03,-2.083404753528764197e-01,0.000000000000000000e+00
-1.154095995221774834e-01,-1.985042987497258882e-01,0.000000000000000000e+00
2.758224666059471697e-01,-2.071603762169040019e-02,0.000000000000000000e+00
-1.983909072954504194e-01,-2.113314421137466592e-01,0.000000000000000000e+00
-1.550676090368162119e-01,-1.538970438227691140e-01,0.000000000000000000e+00
-2.566359876052738409e-01,-2.967767313461980999e-02,0.000000000000000000e+00
-2.066114232170560006e-01,-1.065449349530199624e-01,0.000000000000000000e+00
2.122748546265599834e-01,-1.521813004734106911e-01,0.000000000000000000e+00
-2.511343063311288759e-01,-6.765857732337453301e-02,0.000000000000000000e+00
1.750019478067173506e-01,-1.855182044544344822e-01,0.000000000000000000e+00
1.542633685101525431e-01,-2.360997925727012225e-01,0.000000000000000000e+00
2.748844400916454211e-01,-3.182448800684540419e-02,0.000000000000000000e+00
-1.247619756519325884e-01,-1.567919082895332383e-01,0.000000000000000000e+00
-2.577206616227165070e-01,-1.594297002758393589e-02,0.000000000000000000e+00
-2.085485835095731433e-01,-1.046423185135803846e-01,0.000000000000000000e+00
-7.503972171255432477e-02,-2.733342787841696597e-01,0.000000000000000000e+00
-1.866127816834783557e-02,-2.411463022879480333e-01,0.000000000000000000e+00
-2.177147356092976327e-01,-1.162936771259273083e-01,0.000000000000000000e+00
-1.816445803436974593e-01,-1.856264754362819402e-01,0.000000000000000000e+00
-1.253916134577464092e-01,-2.044523109150603035e-01,0.000000000000000000e+00
-2.055422194886517284e-01,-8.503137738906513254e-02,0.000000000000000000e+00
-2.415454567736937952e-01,-7.470638424955119983e-02,0.000000000000000000e+00
-1.087210121943826685e-01,-2.024851026678412547e-01,0.000000000000000000e+00
-3.736649423989250873e-02,-2.645192671996278722e-01,0.000000000000000000e+00
-1.618956383143781985e-01,-1.940994742836406606e-01,0.000000000000000000e+00
1.463563095887248922e-01,-1.699306554109669964e-01,0.000000000000000000e+00
-1.040609611706081739e-01,-1.815621347475701586e-01,0.000000000000000000e+00
1.500218411438671018e-01,-1.749836608812534444e-01,0.000000000000000000e+00
2.223577458596763534e-01,-1.222725001047637733e-01,0.000000000000000000e+00
1.804641399488569331e-01,-1.167755972114693508e-01,0.000000000000000000e+00
1.791796442294185387e-01,-1.963270848396656831e-01,0.000000000000000000e+00
9.110448433140280744e-02,-1.784250353740056416e-01,0.000000000000000000e+00
2.928291924623900311e-01,-3.235829937976398424e-02,0.000000000000000000e+00
-2.277112834220969551e-01,-8.933669522354628634e-02,0.000000000000000000e+00
1.370287670528713697e-01,-2.300430774742029671e-01,0.000000000000000000e+00
-7.858198676118327564e-02,-2.675361025567065121e-01,0.000000000000000000e+00
-2.041542796098891333e-01,-1.901647224330916819e-01,0.000000000000000000e+00
1.146241238697072104e-02,-2.538437196639053983e-01,0.000000000000000000e+00
5.042949313694832653e-02,-2.142982572160301857e-01,0.000000000000000000e+00
-1.729318969355225777e-02,-2.606065357582129094e-01,0.000000000000000000e+00
2.231996501787112397e-01,-8.607287074895067502e-02,0.000000000000000000e+00
5.997842723336743037e-02,-2.194602000595019531e-01,0.000000000000000000e+00
2.628077085735928686e-01,-3.805053293306484563e-02,0.000000000000000000e+00
-2.151373562613027313e-01,-5.663087818349973879e-02,0.000000000000000000e+00
-2.102852516814007477e-01,-1.696620986135809889e-02,0.000000000000000000e+00
-2.102169250303797254e-01,-1.085579049127220197e-01,0.000000000000000000e+00
-5.369983732172883134e-02,-2.562134391285165180e-01,0.000000000000000000e+00
-2.904439139654636515e-01,-6.691715165978871782e-02,0.000000000000000000e+00
9.000436241562537187e-02,-2.089350052764390731e-01,0.000000000000000000e+00
-2.459683173080088603e-01,-1.377795728655951679e-01,0.000000000000000000e+00
1.364890288983555862e-02,-2.482300328504996045e-01,0.000000000000000000e+00
2.448471393233622451e-01,-9.173246331964889089e-02,0.000000000000000000e+00
7.976082325966162012e-02,-2.362020231418399396e-01,0.000000000000000000e+00
1.000858040248954334e-01,-1.744490303029307132e-01,0.000000000000000000e+00
-2.779837349839375804e-01,-7.833639100255465615e-02,0.000000000000000000e+00
2.361211318477234311e-01,-9.070453977692577441e-02,0.000000000000000000e+00
1.987963940257611861e-01,-5.278314835253632153e-02,0.000000000000000000e+00
-1.080190111064172759e-01,-2.560261976679173990e-01,0.000000000000000000e+00
2.138152386805618199e-01,-9.054502699158510637e-02,0.000000000000000000e+00
2.347951571945642857e-01,-4.572002702985158984e-02,0.000000000000000000e+00
-1.104899980539864879e-01,-2.154517733053939454e-01,0.000000000000000000e+00
2.543013646663057625e-01,-6.453325713075240555e-03,0.000000000000000000e+00
1.781371304205144890e-01,-1.257677632420630132e-01,0.000000000000000000e+00
4.028836185773385092e-02,-2.288720511158032489e-01,0.000000000000000000e+00
1.249905141887164423e-01,-1.703170374442406210e-01,0.000000000000000000e+00
1.564219550633313693e-01,-2.018023292485291165e-01,0.000000000000000000e+00
-1.421227935473556858e-02,-2.403520459290647560e-01,0.000000000000000000e+00
3.378874208200351864e-02,-1.982668027888190299e-01,0.000000000000000000e+00
-2.250861716986045369e-01,-1.877768079568214177e-01,0.000000000000000000e+00
1.353618287808092679e-01,-1.644463347677465603e-01,0.000000000000000000e+00
-1.717159279003687145e-01,-1.657601285616238651e-01,0.000000000000000000e+00
8.916124220575684378e-02,-2.643590117602347966e-01,0.000000000000000000e+00
-2.278682515593956626e-01,-1.789090087891651026e-01,0.000000000000000000e+00
2.572398107552923974e-01,-1.022908600803607015e-02,0.000000000000000000e+00
1.310876461861923137e-01,-1.992281152612752348e-01,0.000000000000000000e+00
-1.199656423383906045e-01,-2.287049311937427165e-01,0.000000000000000000e+00
2.878071101260269993e-01,-6.974606395073983112e-02,0.000000000000000000e+00
-2.768785760371199056e-01,-7.563333154863170760e-02,0.000000000000000000e+00
1.788476758530090083e-01,-2.049923298238653935e-01,0.000000000000000000e+00
1.550563937101511469e-01,-1.522632526359435357e-01,0.000000000000000000e+00
2.451570162270358677e-01,-6.165988311328210458e-02,0.000000000000000000e+00
-2.357152035114604416e-01,-6.354353289347064448e-02,0.000000000000000000e+00
2.445332611988138283e-01,-7.430864138921615403e-02,0.000000000000000000e+00
1.414954596461858449e-01,-2.323955520484611570e-01,0.000000000000000000e+00
-2.094737116325167958e-01,-3.101937515105493426e-02,0.000000000000000000e+00
8.626167935237495643e-02,-2.250836777019831481e-01,0.000000000000000000e+00
-2.284080344425550371e-02,-2.040569689136575438e-01,0.000000000000000000e+00
2.133315885521335220e-01,-1.275443994425637939e-01,0.000000000000000000e+00
1.715143067976257485e-01,-1.878806476460944952e-01,0.000000000000000000e+00
1.907311624197714217e-01,-1.663786642855290543e-01,0.000000000000000000e+00
-1.945210915570020627e-01,2.570312902933338250e-01,1.000000000000000000e+00
7.272010076220633557e-02,2.943717166423908682e-01,1.000000000000000000e+00
-3.681044641953337693e-02,3.644459997838128129e-01,1.000000000000000000e+00
-1.324458962094848258e-01,2.908619889244520862e-01,1.000000000000000000e+00
-5.985464895676512881e-02,3.371179810190941262e-01,1.000000000000000000e+00
-2.807640725970028117e-01,2.353514953689985201e-01,1.000000000000000000e+00
1.766225538582600063e-01,2.626486591598633513e-01,1.000000000000000000e+00
1.063461983495251756e-01,2.947560668425687758e-01,1.000000000000000000e+00
-2.918566010171590452e-01,1.958889097326877438e-01,1.000000000000000000e+00
-3.107695058130004462e-01,2.472794216767883538e-02,1.000000000000000000e+00
-2.952466370284133612e-01,1.670829316216804472e-01,1.000000000000000000e+00
-3.219118691488940254e-01,1.549762903827464067e-01,1.000000000000000000e+00
3.838655223861845434e-01,2.909179205721647982e-02,1.000000000000000000e+00
2.101512602732563961e-01,2.802549461983299128e-01,1.000000000000000000e+00
1.674387798264870553e-01,2.937546124655944224e-01,1.000000000000000000e+00
9.281338088158662403e-02,3.436166978833388730e-01,1.000000000000000000e+00
3.013385670733295107e-01,3.404850165052258210e-02,1.000000000000000000e+00
-6.185843571717428158e-02,3.125177808985781791e-01,1.000000000000000000e+00
-2.971930814975884405e-01,1.135942650716046110e-01,1.000000000000000000e+00
2.940833979812610965e-01,1.379447525711358646e-01,1.000000000000000000e+00
3.579048047028006718e-01,1.793154479893764586e-02,1.000000000000000000e+00
3.029739362412194326e-01,2.566381464658432088e-01,1.000000000000000000e+00
-2.498435880086687932e-01,1.773334870789351481e-01,1.000000000000000000e+00
-2.102975411846330078e-01,2.652941442817742801e-01,1.000000000000000000e+00
-2.758656691010589745e-01,2.109026205186970981e-01,1.000000000000000000e+00
2.363340830578738727e-01,2.905208783786499827e-01,1.000000000000000000e+00
1.738226376297480613e-01,3.319668619307452606e-01,1.000000000000000000e+00
2.836893946421501500e-01,2.077619892438316573e-01,1.000000000000000000e+00
1.006764428285445989e-01,3.160245034187405544e-01,1.000000000000000000e+00
2.993856435278847705e-01,2.457280697105546363e-01,1.000000000000000000e+00
2.432287990776443309e-01,2.023016771338068676e-01,1.000000000000000000e+00
-2.123850507660198228e-01,3.132701065300457777e-01,1.000000000000000000e+00
-2.964968131691421704e-01,6.449157789404937058e-02,1.000000000000000000e+00
2.582396024974739634e-01,2.684099688950681295e-01,1.000000000000000000e+00
-3.363313817564120289e-01,1.460884758946863204e-01,1.000000000000000000e+00
-2.365047543727820945e-01,1.923674317686134838e-01,1.000000000000000000e+00
-2.577759126012942881e-01,1.579747994007483225e-01,1.000000000000000000e+00
-1.428518033770333484e-01,3.243253754969735447e-01,1.000000000000000000e+00
-1.423362548106755221e-01,3.294335685348300791e-01,1.000000000000000000e+00
-2.721343850295648847e-01,2.007928091022863348e-01,1.000000000000000000e+00
-3.323226931372890713e-01,1.014532887606190217e-03,1.000000000000000000e+00
1.984741575681732983e-01,2.447834674896377238e-01,1.000000000000000000e+00
2.640221023141325341e-01,1.471160874686521236e-01,1.000000000000000000e+00
1.096212021518454260e-01,3.031318129210652246e-01,1.000000000000000000e+00
2.653204761166651493e-01,1.497457475250047187e-01,1.000000000000000000e+00
3.195648734918211508e-03,3.308550156231763739e-01,1.000000000000000000e+00
3.591926877826963627e-01,1.591237507235812934e-03,1.000000000000000000e+00
-3.214140222039661432e-01,3.313147300640493370e-02,1.000000000000000000e+00
-3.484539310606578066e-01,1.122172589636280804e-01,1.000000000000000000e+00
1.939583861856525870e-01,2.372729796885978681e-01,1.000000000000000000e+00
-3.081816233829541285e-01,-1.296585614131934468e-02,1.000000000000000000e+00
-2.586675636236753784e-01,-1.805410800262715887e-01,1.000000000000000000e+00
-2.924625925912073821e-01,-2.560248689362849550e-01,1.000000000000000000e+00
-2.736143481391227206e-01,-2.523576313059260889e-01,1.000000000000000000e+00
-2.385187490736693783e-01,-2.449987443887383376e-01,1.000000000000000000e+00
1.763883760604515183e-01,-3.026925983848948176e-01,1.000000000000000000e+00
2.631522856920532893e-01,-1.930179093105149901e-01,1.000000000000000000e+00
5.566926465151005726e-02,-3.276214608423100305e-01,1.000000000000000000e+00
-3.351977129313863935e-01,-1.613453445549733190e-01,1.000000000000000000e+00
1.187386578507016420e-02,-3.042650495412906331e-01,1.000000000000000000e+00
-1.407577270739373276e-01,-3.642070442167877342e-01,1.000000000000000000e+00
2.071926798850555751e-01,-3.404846651722505113e-01,1.000000000000000000e+00
1.612160276057360841e-01,-2.820388279249376184e-01,1.000000000000000000e+00
3.049943083187718895e-01,-2.159305234811847649e-02,1.000000000000000000e+00
-3.146868097301828149e-01,-2.464906156777190716e-01,1.000000000000000000e+00
-1.886104881159419155e-01,-2.457925875329692034e-01,1.000000000000000000e+00
-3.408788024071091605e-01,-1.188878102627740629e-01,1.000000000000000000e+00
-2.807759642313911175e-01,-2.685032077878374279e-01,1.000000000000000000e+00
3.013102547213954430e-01,-2.480212461314063033e-02,1.000000000000000000e+00
2.714458425423632026e-01,-2.068560305184502790e-01,1.000000000000000000e+00
2.536402409671273395e-02,-3.970091008910889840e-01,1.000000000000000000e+00
-3.721734014217639719e-01,-6.541262713861113742e-02,1.000000000000000000e+00
-3.065696469240382638e-01,-1.089186101478308716e-01,1.000000000000000000e+00
6.167293754013414286e-02,-3.408210584524210551e-01,1.000000000000000000e+00
-3.033622888134681617e-01,-5.493501811806229818e-02,1.000000000000000000e+00
2.247895609590208343e-01,-2.660737328947946900e-01,1.000000000000000000e+00
1.033328655906262383e-01,-2.896901303532445904e-01,1.000000000000000000e+00
2.323494065641233675e-01,-2.391232185730008952e-01,1.000000000000000000e+00
-3.890991845174026631e-01,-6.146555724924517017e-02,1.000000000000000000e+00
1.246072814001382284e-01,-2.897210356365061967e-01,1.000000000000000000e+00
3.630677074501380552e-01,-5.921529268352380970e-02,1.000000000000000000e+00
-3.542839021598775950e-01,-8.604098523869327386e-02,1.000000000000000000e+00
-1.849711657329217163e-01,-3.290762409137610311e-01,1.000000000000000000e+00
-3.000055678006151028e-01,-1.764817464165452376e-02,1.000000000000000000e+00
-1.493899551842571005e-01,-2.781287552021854959e-01,1.000000000000000000e+00
-1.762746130641071329e-01,-2.523644522587917827e-01,1.000000000000000000e+00
2.677649240471828840e-01,-1.434771575903737439e-01,1.000000000000000000e+00
-1.163168332072495384e-02,-3.766669481199164671e-01,1.000000000000000000e+00
-1.320604962733305521e-01,-2.973159563418600326e-01,1.000000000000000000e+00
-1.758214943931702967e-01,-3.506326718183229163e-01,1.000000000000000000e+00
-1.194463441229707407e-01,-2.787842378465111848e-01,1.000000000000000000e+00
1.744538805201467369e-01,-3.103816652467548121e-01,1.000000000000000000e+00
3.115080578159036828e-01,-4.411200416382098088e-02,1.000000000000000000e+00
2.576383282497067898e-02,-3.211462316137851936e-01,1.000000000000000000e+00
6.695948262140097307e-02,-3.113633078427472389e-01,1.000000000000000000e+00
-9.247295429750908291e-02,-2.937732673444449216e-01,1.000000000000000000e+00
-3.255598798355142098e-01,-5.078451985664388796e-02,1.000000000000000000e+00
-2.398943541948785341e-01,-2.641164255057878996e-01,1.000000000000000000e+00
-1.005320120633316910e-01,-3.172433416212924184e-01,1.000000000000000000e+00
-1.114231995652433665e-01,-2.902623870154864005e-01,1.000000000000000000e+00
